# abbreviations used in physics journals
ADNDT....	At Data Nucl Data Tables
AIChE....	AIChE J
APh......	Astropart Phys
ApJ......	Astrophys J
ApJ......	Astrophys J Lett Ed
AcAau....	Acta Astraunautica
AcMec....	Acta Metall
AcPSn....	Acta Phys Sin
AcPhH....	Acta Phys Hung
AdApM....	Adv Appl Math
AdCM.....	Adv Ceram Mater
AdPhy....	Adv Phys
AkZh.....	Akust Zh
AmJPh....	Am J. Phys
AmMin....	Am Miner
AmMin....	Am Mineral
AnIHP....	Ann Inst Henri Poincar
AnP......	Ann Phys (Leipzig)
AnPh.....	Ann Phys (Paris)
AnPhy....	Ann Phys
AnPhy....	Ann Phys (NY)
AnRMS....	Annu Rev Mater Sci
AnRMS....	Annu Rev Matter Sci
AnaCh....	Anal Chem
Angew....	Chem
Angew....	Chem Int Ed
Angew....	Chem Int Ed Engl
Angew....	Chem Intern Ed
ApNM.....	Appl Numer Math
ApOpt....	Appl Opt
ApPhA....	Appl Phys A
ApPhB....	Appl Phys B
ApPhL....	App Phys Lett
ApPhL....	Appl Phys Lett
ApPhy....	Appl Phys
ApSS.....	Appl Surf Sci
BSSA.....	Bull Seis Soc Am
CR.......	C. R. Acad Sci
CR.......	C. R. Acad Sci (Paris)
CR.......	C. R. Acad Sci Paris
CRASB....	C. R. Acad Sci Ser B
CRASB....	C. R. Acad Ser B
CRASB....	CR Acad Sci Ser B
CaJCh....	Can J. Chem
CaJPh....	Can J. Phys
CPL......	Chem Phys Lett
ChPhL....	Chin Phys Lett
CMaPh....	Commun Math Phys
CPAM.....	Commun Pure Appl Math
JCoCh....	Comp Chem
CoPhC....	Comp Phys Commun
JCoCh....	Comput Chem
CoPhC....	Comput Phys Commun
ConPh....	Contemp Phys
Cryo.....	Cryogenics
Cryo.....	Cyrogenics
CzJPh....	Czech J. Phys B
DoSSR....	Dok Akad Nauk SSSR
DoSSR....	Dokl Akad Nauk SSR
DoSSR....	Dokl Akad Nauk SSSR
E&PSL....	Earth Planet Sci Lett
ETATF....	Eesti NSV Tead Akad Fuus Mat (USSR)
ElL......	Electron Lett
EnFM.....	Eng Fract Mech
EPJA.....	Eur Phys J A
EPJAP....	Eur Phys J Appl Phys
EPJB.....	Eur Phys J B
EPJC.....	Eur Phys J C
EPJD.....	Eur Phys J D
EL.......	Europ Lett
EL.......	Europhys Lett
FBS......	Few Body Syst
FBS......	Few Body Syst Suppl
FCPh.....	Fundam Cosmic Phys
FizMM....	Fiz Met Metalloved
FizMM....	Fiz Met Metalloved (USSR)
FizMM....	Fiz Metal Metalloved
FizNT....	Fiz Nizk Temp
FizTT....	Fiz Tver Tela
FizTT....	Fiz Tver Tela (Leningrad)
FizTT....	Fiz Tverd Tela
FizTT....	Fiz Tverd Tela (Leningard)
FizTT....	Fiz Tverd Tela Leningrad
FizTT....	Fizika Tverd Tela (Leningrad)
FoPh.....	Found Phys
FoPh.....	Found Phys Lett
GReGr....	Gen Relativ Gravit
GeCoA....	Geochim Cosmochim Acta
Geo......	Geology
Geoph....	Geophys
GeoRL....	Geophys Res Lett
AcHPh....	Helv Phys Acta
HTHP.....	High Temp High Pressures
HTemS....	High Temp Sci
HTHP.....	High Temp-High Pressures
HyInt....	Hyp Int
HyInt....	Hyperfine Inter
HyInt....	Hyperfine Interac
HyInt....	Hyperfine Interact
HyInt....	Hyperfine Interactions
IJMPB....	I J. Mod Phys B
IBMJ.....	IBM J. Res
IBMJ.....	IBM J. Res Dev
IBMJ.....	IBM J. Res Develop
IPMAP....	IEEE Antennas Propagat
IEDL.....	IEEE Electron Dev Lett
IEDL.....	IEEE Electron Device Lett
IEDL.....	IEEE Electron Devices Lett
IJQE.....	IEEE J. Quant Electron
IJQE.....	IEEE J. Quantum Electron
IJSSC....	IEEE J. Solid State Circuits
IPTL.....	IEEE Phot Tech Lett
IPTL.....	IEEE Photon Technol Lett
ITCS.....	IEEE Trans Circ Syst
ITED.....	IEEE Trans Electron Dev
ITED.....	IEEE Trans Electron Devices
ITIM.....	IEEE Trans Instrum Meas
ITM......	IEEE Trans Mag
ITM......	IEEE Trans Magn
ITM......	IEEE Trans Magn
ITM......	IEEE Trans Magn MAG-
ITM......	IEEE Trans Magn Mag-
ITNS.....	IEEE Trans Nucl Sci
ITPS.....	IEEE Trans Plasma Sci
NCimD....	Il Nuovo Cimento D
NCim.....	Riv Nuovo Cimento
InfPh....	Infrared Phys
InCh.....	Inorg Chem
IJFr.....	Int J. Fract
IJIMW....	Int J. Infrared Millimeter Waves
IJMSI....	Int J. Mass Spectrom Ion Phys
IJMSI....	Int J. Mass Spectrom Ion Process
IJMSI....	Int J. Mass Spectrom Ion Processes
IJMSI....	Int J. Mass Spectrosc Ion Proc
IJMPA....	Int J. Mod Phys A
IJMPB....	Int J. Mod Phys B
IJMPC....	Int J. Mod Phys C
IJMPD....	Int J. Mod Phys D
IJMPE....	Int J. Mod Phys E
IJQC.....	Int J. Quantum Chem
IJSS.....	Int J. Solids Struct
IMeRv....	Inter Metals Rev
IzLat....	Izv Acad Nauk LatvSSR
ASAJ.....	J. Acoust Soc Am
JAllC....	J. Alloys Comp
JAllC....	J. Alloys Compds
JAllC....	J. Alloys Compounds
JACS.....	J. Am Ceram Soc
JAChS....	J. Am Chem
JAChS....	J. Am Chem Sco
JAChS....	J. Am Chem Soc
JApEl....	J. Appl Electrochem
JMagR....	J. Appl Magn Reson
JAP......	J. Appl Phys
JPoSc....	J. Appl Polym Sci
ApJ......	J. Astrophys
JChPh....	J. Chem Phys
JCIS.....	J. Coll Interface Sci
JCIS.....	J. Colloid Interface Sci
JCIS.....	J. Colloid Sci
JCoCh....	J. Comp Chem
JCoCh....	J. Comput Chem
JCoPh....	J. Comput Phys
JPCM.....	J. Condens Matter
JCrGr....	J. Crys Growth
JCrGr....	J. Cryst Growth
JEMat....	J. Electron Mater
JEMT.....	J. Electron Microsc
JEMT.....	J. Electron Microsc Tech
JEMT.....	J. Electron Microscopy Tech
JESRP....	J. Electron Specrosc Relat Phenom
JESRP....	J. Electron Spectros Relat Phenom
JESRP....	J. Electron Spectrosc
JESRP....	J. Electron Spectrosc
JESRP....	J. Electron Spectrosc Rel Phenom
JESRP....	J. Electron Spectrosc Relat Phen
JESRP....	J. Electron Spectrosc Relat Phenom
JFM......	J. Fluid Mech
FrInJ....	J. Franklin Inst
JGR......	J. Geophys Res
JaIMJ....	J. Inst Metals
JaIMJ....	J. Jpn Inst Met
JaIMJ....	J. Jpn Inst Metals
JLCM.....	J. Less Common Met
JLCM.....	J. Less Common Metals
JLCM.....	J. Less-Common Met
JLCM.....	J. Less-Common Metals
JLTP.....	J. Low Tem Phys
JLTP.....	J. Low Temp Phys
JLTP.....	J. Low Temp Phys
JLTP.....	J. Low-Temp Phys
JMagR....	J. Mag Res
JMagR....	J. Mag Reson
JMMM.....	J. Magn Mag Mater
JMMM.....	J. Magn Magn Mat
JMMM.....	J. Magn Magn Mater
JMMM.....	J. Magn Magn Matter
JMMM.....	J. Magn Mater
JMagR....	J. Magn Res
JMagR....	J. Magn Reson
JMP......	J. Mat Phys
JMatR....	J. Mater Res
JMatS....	J. Mater Sci
JMSL.....	J. Mater Sci Lett
JMP......	J. Math Phys
JMP......	J. Math Phys (NY)
JMPSo....	J. Mech Phys Solids
JMet.....	J. Metals
JMOp.....	J. Mod Opt
JMOp.....	J. Modern Opt
JMoEl....	J. Mol Electron
JMoSp....	J. Mol Spectrosc
JMoSt....	J. Mol Struct
JMoSt....	J. Molecular Structure (Theochem)
JNCS.....	J. Non Cryst Solids
JNCS.....	J. Non-Cryst Solid
JNCS.....	J. Non-Cryst Solids
JNuM.....	J. Nucl Mater
JOpt.....	J. Opt
JOp......	J. Opt (Paris)
OSAJ.....	J. Opt Soc Am
OSAJ.....	J. Opt Soc Am A
OSAJB....	J. Opt Soc Am B
JPhys....	J. Phys (France)
JPhys....	J. Phys (Paris)
JPhys....	J. Phys (Paris) C
JPhys....	J. Phys (Paris) Colloq
JPhys....	J. Phys (Paris) II
JPhys....	J. Phys (Paris) Lett
JPhA.....	J. Phys A
JPhB.....	J. Phys B
JPhC.....	J. Phys C
JPhCh....	J. Phys Chem
JPCRD....	J. Phys Chem Ref Data
JPCS.....	J. Phys Chem Solids
JPCS.....	J. Phys Chem Solids
JPCM.....	J. Phys Condens Mat
JPCM.....	J. Phys Condens Mater
JPCM.....	J. Phys Condens Matter
JPhD.....	J. Phys D
JPhE.....	J. Phys E
JPhF.....	J. Phys F
JPhF.....	J. Phys F Met Phys
JPhG.....	J. Phys G
JPhG.....	J. Phys G Suppl
JPhys....	J. Phys I (France)
JPhys....	J. Phys I (Paris)
JPhys....	J. Phys I France
PSJaJ....	J. Phys Soc Jpn
JJAPL....	J. Phys Soc Jpn Lett
JPCM.....	J. Phys: Conden Matter
JPCM.....	J. Phys: Condens Matter
JPlPh....	J. Plasma Phys
JPoSc....	J. Polym Sci
JPoSc....	J. Polym Sci C
JPoSc....	J. Polym Sci Polym Phys Ed
JRSp.....	J. Raman Spectrosc
JRNBS....	J. Res Nat Bur Stand
JRNBS....	J. Res Natl Bur Stand
JRNBS....	J. Res US Natl Bur Stand A
JSSCh....	J. Solid State Chem
JSV......	J. Sound Vib
JSP......	J. Stat Phys
JSG......	J. Struct Geol
JSup.....	J. Supercond
JSup.....	J. Superconduc
JSup.....	J. Superconduct
JVST.....	J. Vac Sci Technol
JVST.....	J. Vac Sci Technol A
JVST.....	J. Vac Sci Technol B
JVST.....	J. Vac Technol A
JVST.....	J. Vac Technol B
JVST.....	J. Vacuum Sci Technol
JAChS....	Am Chem Soc
JETP.....	JETP
JETPL....	JETP Lett
JETPL....	JTP Lett
JaJAP....	Jpn J. Apl Phys
JaJAP....	Jpn J. App Phys
JaJAP....	Jpn J. Appl Phys
JaJAP....	Jpn J. Appl Phys Series
JJAPS....	Jpn J. Appl Phys Suppl
LiCr.....	Liq Cryst
MRSBu....	MRS Bull
MaRBu....	Mat Res Bull
MatL.....	Mater Lett
MaRBu....	Mater Res Bull
MSEng....	Mater Sci Eng
MSEng....	Mater Sci Eng A
MSEng....	Mater Sci Eng B
MatTr....	Mater Trans JIM
MaCom....	Math Comput
MeScT....	Meas Sci Technol
KyoMe....	Mem Fac Eng Kyoto Univ
Metal....	Metallofiz
MPLB.....	Mod Phys B
MPLA.....	Mod Phys Lett A
MPLB.....	Mod Phys Lett B
MPLB.....	Mode Phys Lett B
MPLB.....	Modern Phys Lett B
MolPh....	Mol Phys
Nanot....	Nanotech
Natur....	Nature
Natur....	Nature (London)
NPhS.....	Nature Phys Sci
Nonli....	Nonlinearity
NROp.....	Nouv Rev Opt
NucFu....	Nucl Fus
NucIM....	Nucl Instrum Meth
NIMPB....	Nucl Instrum Meth B
NucIM....	Nucl Instrum Methods
NucIM....	Nucl Instrum Methods
NIMPA....	Nucl Instrum Methods A
NIMPB....	Nucl Instrum Methods B
NIMPA....	Nucl Instrum Methods Phys Res A
NIMPB....	Nucl Instrum Methods Phys Res B
NIMPA....	Nucl Instrum Methods Phys Res Sect A
NIMPB....	Nucl Instrum Methods Phys Res Sect B
JNuM.....	Nucl Mater
NuPhB....	Nucl Phys
NuPhS....	Nucl Phys (Proc Suppl) B
NuPhA....	Nucl Phys A
NuPhB....	Nucl Phys B
NuPhS....	Nucl Phys B (Proc Suppl)
NSE......	Nucl Sci Eng
NuMat....	Numer Math
NCimA....	Nuovo Cimento
NCimA....	Nuovo Cimento A
NCimB....	Nuovo Cimento B
NCimC....	Nuovo Cimento C
NCimD....	Nuovo Cimento D
NCimL....	Nuovo Cimento Lett
NCimL....	Lett Nuovo Cimento
NCimS....	Nuovo Cimento Suppl
OptCo....	Opt Commun
OptEn....	Opt Eng
OptL.....	Opt Lett
OptQE....	Opt Quantum Electron
OptSp....	Opt Spectrosc
PhiJR....	Philips J. Res
PhiRR....	Philips Res Rep
Phy......	Phys
PhyB.....	Phys B
PhyC.....	Phys C
PCM......	Phys Chem Miner
PhFl.....	Phys Fluids
PhL......	Phys Lett
PhLA.....	Phys Lett A
PhLB.....	Phys Lett B
PhR......	Phys Rep
PhR......	Phys Rep C
PhRv.....	Phys Rev
PhRvA....	Phys Rev A
PhRvB....	Phys Rev B
PhRvC....	Phys Rev C
PhRvD....	Phys Rev D
PhRvE....	Phys Rev E
PhRvL....	Phys Rev Lett
PhRvL....	Phys Rev Letters
PhRvA....	PRA
PhRvB....	PRB
PhRvC....	PRC
PhRvD....	PRD
PhRvE....	PRE
PhRvL....	PRL
PhyS.....	Phys Scr
PhST.....	Phys Scr T
PhyS.....	Phys Scripta
PhSS.....	Phys Solid State
PSSBR....	Phys Stat Sol (b)
PSSAR....	Phys Status Soldi A
PSSBR....	Phys Status Solid B
PSSAR....	Phys Status Solidi
PSSAR....	Phys Status Solidi (A)
PSSBR....	Phys Status Solidi (B)
PSSAR....	Phys Status Solidi (a)
PSSBR....	Phys Status Solidi (b)
PSSAR....	Phys Status Solidi A
PSSBR....	Phys Status Solidi B
PhT......	Phys Today
Phy......	Physica
Phy......	Physica (Amsterdam)
PhyA.....	Physica (Amsterdam) A
PhyD.....	Physica (Amsterdam) D
Phy......	Physica (The Hague)
Phy......	Physica (Utrecht)
PhyA.....	Physica A
PhyB.....	Physica B
PhyC.....	Physica B + C
PhyB.....	Physica B+C
PhyC.....	Physica C
PhyC.....	Physica C (Amsterdam)
PhyC.....	Physica C 162-
PhyD.....	Physica D
PhyS.....	Physica Scr
PZETF....	Pis'ma Zh Eksp Teor Fix
PZETF....	Pis'ma Zh Eksp Teor Fiz (Prilozh)
PZETF....	Pis'ma Zh Eksp Theor Fiz
PZETF....	Pis'ma Zh Techn Fiz
PZETF....	Pis'ma Zh Tekh Fiz
PZETF....	Pisma Zh Eksp Teor Fiz
PZETF....	Pisma Zh Tekh Fiz
PlPh.....	Plasma Phys
PrPh.....	Fortschr Phys
Prir.....	Priroda
IEEEP....	Proc IEEE
InASP....	Proc Indian Natl Acad Sci A
PJA......	Proc Jpn Acad B
PNAS.....	Proc Nat Acad Sci
PNAS.....	Proc Nat Acad Sci USA
PNAS.....	Proc Natl Acad Sci USA
RSLPS....	Proc R. Soc
RSLPS....	Proc R. Soc (London)
RSLPS....	Proc R. Soc (London) Ser A
RSLPS....	Proc R. Soc A
RSLPS....	Proc R. Soc London
RSLPS....	Proc R. Soc London A
RSLPS....	Proc R. Soc London Ser A
PrMS.....	Prog Mater Sci
PQE......	Prog Quantum Electron
PThPh....	Prog Teor Phys
PThPh....	Prog Theor Phys
PThPS....	Prog Theor Phys Suppl
PApGe....	Pure Appl Geophys
RCARv....	RCA Rev
RadEf....	Rad Eff
RadEf....	Rad Eff Def Solids
RaRe.....	Rad Res
RadEf....	Radiat Eff
RadEf....	Radiat Eff Defect Solids
RaSc.....	Radio Sci
RaF......	Radiofizika
R&QE.....	Radiophys Quantum Electron
Rech.....	Recherche
RPPh.....	Rep Prog Phys
RvMP.....	Rev Mod Phy
RvMP.....	Rev Mod Phys
RvMP.....	Rev Mod Phys B
RvOp.....	Rev Opt
RvPA.....	Rev Phys Appl
RvRP.....	Rev Roum Phys
RScI.....	Rev Sci Instr
RScI.....	Rev Sci Instrum
RScI.....	Rev Sci Intrum
SJAM.....	SIAM J. Appl Math
SIAMR....	SIAM Rev
SciAm....	Sci Am
ReToh....	Sci Rep RITU A
ReToh....	Sci Rep Res Inst Tohoku Univ Ser A
SciSi....	Sci Sin
ScM......	Scr Metall
ScM......	Scr Metall
ScMM.....	Scr Met Mat
ScMM.....	Scr Metall Mater
ScM......	Scripta Metall
SeScT....	Semi- cond Sci Technol
SeScT....	Semicond Sci Tech
SeScT....	Semicond Sci Technol
SeScT....	Semicond Sci Technol B
SoCe.....	Solar Cells
SoEnM....	Solar Energy Mater
SSCom....	Solid State Comm
SSCom....	Solid State Commun
SSEle....	Solid State Electron
SvPhU....	Sov Phys Usp
SSRvA....	Sov Sci Rev A
AcSpe....	Spectrochim Acta
JSP......	Stat Phys
PThPS....	Sup Prog Theor Phys
SuScT....	Supercon Sci Technol
SuScT....	Supercond Sci Tech
SuScT....	Supercond Sci Technol
SuScT....	Superconduct Science Tech
JSup.....	Superconductivity
SuScT....	Superconductivity Sci Tech
PThPS....	Suppl Prog Theor Phys
SurSc....	Surf Sci
TepVT....	Teplofiz Vys Temp
AcTC.....	Theor Chim Acta
AcTC.....	Theoret Chim Acta
TSF......	Thin Solid Films
ITAS.....	Trans Appl Supercond
UkFiZ....	Ukr Fiz Zh
UkFiZ....	Ukr Fiz Zh (Russ Ed)
Ultmi....	Ultramicrosc
Ultmi....	Ultramicroscopy
UsFiN....	Usp Fiz Nauk
Vac......	Vacuum
WaMot....	Wave Motion
ZMetl....	Z Metallk
ZMetl....	Z Metallkde
ZMetl....	Z Metallkunde
ZNatA....	Z Naturforsch A
ZNatA....	Z Naturforsch Teil A
ZNatA....	Z Naturforschg Teil A
ZPhy.....	Z Phys
ZPhy.....	Z Phys D
ZNatA....	Zeitschr Naturforschung Teil A
ZhETF....	Zh Eksp Teor Fiz
ZhETF....	Zh Eksp Teor Fiz Nauk
ZhETF....	Zh Eksp Teor Phys
ThTFi....	Zh Tekh Fiz
ZhETF....	Zhurn Eksp Teor Phys
